{"count":1,"self":60.991084799999996,"total":235.33303899999999,"children":{"InitializeActuators":{"count":8,"self":0.00083499999999999991,"total":0.00083499999999999991,"children":null},"InitializeSensors":{"count":8,"self":0.00073699999999999992,"total":0.00073699999999999992,"children":null},"AgentSendState":{"count":60201,"self":0.87760699999999991,"total":5.7966109999999995,"children":{"CollectObservations":{"count":160536,"self":2.24872,"total":2.24872,"children":null},"WriteActionMask":{"count":160536,"self":0.15859099999999998,"total":0.15859099999999998,"children":null},"RequestDecision":{"count":160536,"self":0.708614,"total":2.5116929999999997,"children":{"AgentInfo.ToProto":{"count":160536,"self":0.667011,"total":1.8030789999999999,"children":{"GenerateSensorData":{"count":160536,"self":1.1360679999999999,"total":1.1360679999999999,"children":null}}}}}}},"DecideAction":{"count":60201,"self":166.0306048,"total":166.030611,"children":null},"AgentAct":{"count":60201,"self":2.509804,"total":2.509804,"children":null},"AgentInfo.ToProto":{"count":168,"self":0.0011589999999999999,"total":0.002758,"children":{"GenerateSensorData":{"count":168,"self":0.001599,"total":0.001599,"children":null}}}},"gauges":{"BumperLeft.CumulativeReward":{"count":84,"max":102.939674,"min":-32.0804062,"runningAverage":7.18288136,"value":99.6600342,"weightedAverage":50.66486},"BumperRight.CumulativeReward":{"count":84,"max":106.609451,"min":-26.9600582,"runningAverage":14.8126364,"value":106.609451,"weightedAverage":63.5899963}},"metadata":{"timer_format_version":"0.1.0","start_time_seconds":"1716323723","unity_version":"2022.3.17f1","command_line_arguments":"\/Applications\/Unity\/Hub\/Editor\/2022.3.17f1\/Unity.app\/Contents\/MacOS\/Unity","communication_protocol_version":"1.5.0","com.unity.ml-agents_version":"2.3.0-exp.3","scene_name":"SampleScene","end_time_seconds":"1716323958"}}